Data,Label
NINCO_OOD_classes/bagpipe/bagpipe_019_n02775483_10845.JPEG,bagpipe
NINCO_OOD_classes/bagpipe/bagpipe_046_n02775483_12358.JPEG,bagpipe
NINCO_OOD_classes/ctenolepisma_longicaudata/ctenolepisma_longicaudata_067_17070693.jpg,ctenolepisma_longicaudata
NINCO_OOD_classes/darlingtonia_californica/darlingtonia_californica_044_12731171.jpeg,darlingtonia_californica
NINCO_OOD_classes/darlingtonia_californica/darlingtonia_californica_040_126298.jpg,darlingtonia_californica
NINCO_OOD_classes/darlingtonia_californica/darlingtonia_californica_011_10517834.jpg,darlingtonia_californica
NINCO_OOD_classes/darlingtonia_californica/darlingtonia_californica_085_14179750.jpeg,darlingtonia_californica
NINCO_OOD_classes/darlingtonia_californica/darlingtonia_californica_076_13801549.jpg,darlingtonia_californica
NINCO_OOD_classes/darlingtonia_californica/darlingtonia_californica_069_13422827.jpeg,darlingtonia_californica
NINCO_OOD_classes/darlingtonia_californica/darlingtonia_californica_000_10001598.jpg,darlingtonia_californica
NINCO_OOD_classes/darlingtonia_californica/darlingtonia_californica_059_13235040.jpg,darlingtonia_californica
NINCO_OOD_classes/darlingtonia_californica/darlingtonia_californica_046_12892696.jpg,darlingtonia_californica
NINCO_OOD_classes/darlingtonia_californica/darlingtonia_californica_038_12619662.jpg,darlingtonia_californica
NINCO_OOD_classes/darlingtonia_californica/darlingtonia_californica_030_12345360.jpg,darlingtonia_californica
NINCO_OOD_classes/darlingtonia_californica/darlingtonia_californica_090_14298253.jpg,darlingtonia_californica
NINCO_OOD_classes/darlingtonia_californica/darlingtonia_californica_022_1151887.jpg,darlingtonia_californica
NINCO_OOD_classes/darlingtonia_californica/darlingtonia_californica_003_10208388.jpg,darlingtonia_californica
NINCO_OOD_classes/darlingtonia_californica/darlingtonia_californica_087_14222151.jpeg,darlingtonia_californica
NINCO_OOD_classes/darlingtonia_californica/darlingtonia_californica_024_1157915.JPG,darlingtonia_californica
NINCO_OOD_classes/darlingtonia_californica/darlingtonia_californica_029_12262413.jpg,darlingtonia_californica
NINCO_OOD_classes/darlingtonia_californica/darlingtonia_californica_023_1155961.jpg,darlingtonia_californica
NINCO_OOD_classes/darlingtonia_californica/darlingtonia_californica_093_14321902.jpg,darlingtonia_californica
NINCO_OOD_classes/darlingtonia_californica/darlingtonia_californica_061_13284750.jpeg,darlingtonia_californica
NINCO_OOD_classes/darlingtonia_californica/darlingtonia_californica_068_13422823.jpeg,darlingtonia_californica
NINCO_OOD_classes/darlingtonia_californica/darlingtonia_californica_086_14203273.jpg,darlingtonia_californica
NINCO_OOD_classes/darlingtonia_californica/darlingtonia_californica_002_10109444.jpg,darlingtonia_californica
NINCO_OOD_classes/darlingtonia_californica/darlingtonia_californica_088_14250864.jpg,darlingtonia_californica
NINCO_OOD_classes/darlingtonia_californica/darlingtonia_californica_054_13117197.jpeg,darlingtonia_californica
NINCO_OOD_classes/darlingtonia_californica/darlingtonia_californica_026_12130891.jpg,darlingtonia_californica
NINCO_OOD_classes/darlingtonia_californica/darlingtonia_californica_004_10238374.jpeg,darlingtonia_californica
NINCO_OOD_classes/darlingtonia_californica/darlingtonia_californica_073_13572230.jpeg,darlingtonia_californica
NINCO_OOD_classes/darlingtonia_californica/darlingtonia_californica_019_11119377.jpeg,darlingtonia_californica
NINCO_OOD_classes/darlingtonia_californica/darlingtonia_californica_037_12537681.jpeg,darlingtonia_californica
NINCO_OOD_classes/darlingtonia_californica/darlingtonia_californica_077_13890379.jpeg,darlingtonia_californica
NINCO_OOD_classes/darlingtonia_californica/darlingtonia_californica_075_13688392.jpeg,darlingtonia_californica
NINCO_OOD_classes/darlingtonia_californica/darlingtonia_californica_057_13202570.jpeg,darlingtonia_californica
NINCO_OOD_classes/darlingtonia_californica/darlingtonia_californica_096_1519077.jpg,darlingtonia_californica
NINCO_OOD_classes/darlingtonia_californica/darlingtonia_californica_060_13266534.jpg,darlingtonia_californica
NINCO_OOD_classes/darlingtonia_californica/darlingtonia_californica_082_13936531.jpg,darlingtonia_californica
NINCO_OOD_classes/darlingtonia_californica/darlingtonia_californica_025_12122219.jpg,darlingtonia_californica
NINCO_OOD_classes/darlingtonia_californica/darlingtonia_californica_055_13117226.jpeg,darlingtonia_californica
NINCO_OOD_classes/darlingtonia_californica/darlingtonia_californica_020_11302164.jpg,darlingtonia_californica
NINCO_OOD_classes/darlingtonia_californica/darlingtonia_californica_062_13287040.jpeg,darlingtonia_californica
NINCO_OOD_classes/darlingtonia_californica/darlingtonia_californica_052_13047993.jpeg,darlingtonia_californica
NINCO_OOD_classes/darlingtonia_californica/darlingtonia_californica_053_13079205.jpeg,darlingtonia_californica
NINCO_OOD_classes/darlingtonia_californica/darlingtonia_californica_021_11302233.jpg,darlingtonia_californica
NINCO_OOD_classes/darlingtonia_californica/darlingtonia_californica_045_12840149.jpeg,darlingtonia_californica
NINCO_OOD_classes/darlingtonia_californica/darlingtonia_californica_033_12506567.jpeg,darlingtonia_californica
NINCO_OOD_classes/darlingtonia_californica/darlingtonia_californica_050_13027391.jpeg,darlingtonia_californica
NINCO_OOD_classes/darlingtonia_californica/darlingtonia_californica_089_14298248.jpg,darlingtonia_californica
NINCO_OOD_classes/darlingtonia_californica/darlingtonia_californica_036_12537671.jpeg,darlingtonia_californica
NINCO_OOD_classes/darlingtonia_californica/darlingtonia_californica_047_12952513.jpeg,darlingtonia_californica
NINCO_OOD_classes/darlingtonia_californica/darlingtonia_californica_005_10259672.jpg,darlingtonia_californica
NINCO_OOD_classes/darlingtonia_californica/darlingtonia_californica_092_14298728.jpg,darlingtonia_californica
NINCO_OOD_classes/darlingtonia_californica/darlingtonia_californica_094_14334933.jpeg,darlingtonia_californica
NINCO_OOD_classes/darlingtonia_californica/darlingtonia_californica_032_12421571.jpg,darlingtonia_californica
NINCO_OOD_classes/darlingtonia_californica/darlingtonia_californica_066_13416838.jpeg,darlingtonia_californica
NINCO_OOD_classes/darlingtonia_californica/darlingtonia_californica_049_12997879.jpg,darlingtonia_californica
NINCO_OOD_classes/darlingtonia_californica/darlingtonia_californica_034_12537467.jpeg,darlingtonia_californica
NINCO_OOD_classes/darlingtonia_californica/darlingtonia_californica_079_13902315.jpg,darlingtonia_californica
NINCO_OOD_classes/darlingtonia_californica/darlingtonia_californica_008_10464730.jpg,darlingtonia_californica
NINCO_OOD_classes/darlingtonia_californica/darlingtonia_californica_043_12666585.jpg,darlingtonia_californica
NINCO_OOD_classes/darlingtonia_californica/darlingtonia_californica_007_10439829.jpg,darlingtonia_californica
NINCO_OOD_classes/darlingtonia_californica/darlingtonia_californica_058_13220180.jpeg,darlingtonia_californica
NINCO_OOD_classes/darlingtonia_californica/darlingtonia_californica_048_12969570.jpeg,darlingtonia_californica
NINCO_OOD_classes/darlingtonia_californica/darlingtonia_californica_042_126394.jpg,darlingtonia_californica
NINCO_OOD_classes/darlingtonia_californica/darlingtonia_californica_010_10473888.jpg,darlingtonia_californica
NINCO_OOD_classes/darlingtonia_californica/darlingtonia_californica_098_1565522.jpg,darlingtonia_californica
NINCO_OOD_classes/darlingtonia_californica/darlingtonia_californica_065_13395492.jpg,darlingtonia_californica
NINCO_OOD_classes/darlingtonia_californica/darlingtonia_californica_016_10945275.jpeg,darlingtonia_californica
NINCO_OOD_classes/darlingtonia_californica/darlingtonia_californica_084_14033161.jpg,darlingtonia_californica
NINCO_OOD_classes/darlingtonia_californica/darlingtonia_californica_074_13596754.jpg,darlingtonia_californica
NINCO_OOD_classes/darlingtonia_californica/darlingtonia_californica_001_10092768.jpg,darlingtonia_californica
NINCO_OOD_classes/darlingtonia_californica/darlingtonia_californica_018_11084123.jpg,darlingtonia_californica
NINCO_OOD_classes/darlingtonia_californica/darlingtonia_californica_063_13304108.jpeg,darlingtonia_californica
NINCO_OOD_classes/darlingtonia_californica/darlingtonia_californica_041_12630200.jpeg,darlingtonia_californica
NINCO_OOD_classes/darlingtonia_californica/darlingtonia_californica_091_14298256.jpg,darlingtonia_californica
NINCO_OOD_classes/darlingtonia_californica/darlingtonia_californica_014_10945249.jpeg,darlingtonia_californica
NINCO_OOD_classes/darlingtonia_californica/darlingtonia_californica_013_109197.jpg,darlingtonia_californica
NINCO_OOD_classes/darlingtonia_californica/darlingtonia_californica_064_13306321.jpg,darlingtonia_californica
NINCO_OOD_classes/darlingtonia_californica/darlingtonia_californica_070_13483640.jpeg,darlingtonia_californica
NINCO_OOD_classes/darlingtonia_californica/darlingtonia_californica_006_10269605.jpg,darlingtonia_californica
NINCO_OOD_classes/darlingtonia_californica/darlingtonia_californica_083_13938277.jpg,darlingtonia_californica
NINCO_OOD_classes/darlingtonia_californica/darlingtonia_californica_081_13908428.jpg,darlingtonia_californica
NINCO_OOD_classes/darlingtonia_californica/darlingtonia_californica_072_13572173.jpeg,darlingtonia_californica
NINCO_OOD_classes/darlingtonia_californica/darlingtonia_californica_009_10467581.jpg,darlingtonia_californica
NINCO_OOD_classes/darlingtonia_californica/darlingtonia_californica_035_12537510.jpeg,darlingtonia_californica
NINCO_OOD_classes/darlingtonia_californica/darlingtonia_californica_027_12184800.jpg,darlingtonia_californica
NINCO_OOD_classes/darlingtonia_californica/darlingtonia_californica_099_15860513.jpg,darlingtonia_californica
NINCO_OOD_classes/darlingtonia_californica/darlingtonia_californica_051_13047854.jpeg,darlingtonia_californica
NINCO_OOD_classes/darlingtonia_californica/darlingtonia_californica_067_13422819.jpeg,darlingtonia_californica
NINCO_OOD_classes/darlingtonia_californica/darlingtonia_californica_028_12225086.jpg,darlingtonia_californica
NINCO_OOD_classes/darlingtonia_californica/darlingtonia_californica_071_13483641.jpeg,darlingtonia_californica
NINCO_OOD_classes/darlingtonia_californica/darlingtonia_californica_015_10945250.jpeg,darlingtonia_californica
NINCO_OOD_classes/darlingtonia_californica/darlingtonia_californica_095_14422067.jpeg,darlingtonia_californica
NINCO_OOD_classes/darlingtonia_californica/darlingtonia_californica_080_13904648.jpg,darlingtonia_californica
NINCO_OOD_classes/darlingtonia_californica/darlingtonia_californica_056_13182838.jpg,darlingtonia_californica
NINCO_OOD_classes/darlingtonia_californica/darlingtonia_californica_078_13890399.jpeg,darlingtonia_californica
NINCO_OOD_classes/darlingtonia_californica/darlingtonia_californica_017_10945278.jpeg,darlingtonia_californica
NINCO_OOD_classes/darlingtonia_californica/darlingtonia_californica_012_10700537.jpg,darlingtonia_californica
NINCO_OOD_classes/darlingtonia_californica/darlingtonia_californica_039_12628171.jpg,darlingtonia_californica
NINCO_OOD_classes/darlingtonia_californica/darlingtonia_californica_097_1520996.jpg,darlingtonia_californica
NINCO_OOD_classes/darlingtonia_californica/darlingtonia_californica_031_12372923.jpeg,darlingtonia_californica
NINCO_OOD_classes/Caracal caracal caracal/Caracal caracal caracal_082_157-141721286.jpeg,Caracal caracal caracal
NINCO_OOD_classes/Caracal caracal caracal/Caracal caracal caracal_047_077-76398875.jpeg,Caracal caracal caracal
NINCO_OOD_classes/Caracal caracal caracal/Caracal caracal caracal_059_093-95033857.jpeg,Caracal caracal caracal
NINCO_OOD_classes/Caracal caracal caracal/Caracal caracal caracal_077_139-126454259.jpg,Caracal caracal caracal
NINCO_OOD_classes/Caracal caracal caracal/Caracal caracal caracal_048_078-76398955.jpeg,Caracal caracal caracal
NINCO_OOD_classes/Caracal caracal caracal/Caracal caracal caracal_051_082-87873455.jpeg,Caracal caracal caracal
NINCO_OOD_classes/Caracal caracal caracal/Caracal caracal caracal_053_085-88827007.jpg,Caracal caracal caracal
NINCO_OOD_classes/Caracal caracal caracal/Caracal caracal caracal_081_156-141494951.jpeg,Caracal caracal caracal
NINCO_OOD_classes/Caracal caracal caracal/Caracal caracal caracal_076_137-126396792.jpeg,Caracal caracal caracal
NINCO_OOD_classes/Caracal caracal caracal/Caracal caracal caracal_040_064-67011021.jpeg,Caracal caracal caracal
NINCO_OOD_classes/Caracal caracal caracal/Caracal caracal caracal_072_115-111866694.jpeg,Caracal caracal caracal
NINCO_OOD_classes/Caracal caracal caracal/Caracal caracal caracal_099_203-173824773.jpg,Caracal caracal caracal
NINCO_OOD_classes/Caracal caracal caracal/Caracal caracal caracal_087_172-153965878.jpg,Caracal caracal caracal
NINCO_OOD_classes/Caracal caracal caracal/Caracal caracal caracal_022_032-41056341.jpeg,Caracal caracal caracal
NINCO_OOD_classes/Caracal caracal caracal/Caracal caracal caracal_084_159-144612736.jpeg,Caracal caracal caracal
NINCO_OOD_classes/Caracal caracal caracal/Caracal caracal caracal_003_004-14798084.jpeg,Caracal caracal caracal
NINCO_OOD_classes/Caracal caracal caracal/Caracal caracal caracal_074_121-114843368.jpeg,Caracal caracal caracal
NINCO_OOD_classes/Caracal caracal caracal/Caracal caracal caracal_021_029-35816043.jpg,Caracal caracal caracal
NINCO_OOD_classes/Caracal caracal caracal/Caracal caracal caracal_013_014-28359063.jpg,Caracal caracal caracal
NINCO_OOD_classes/Caracal caracal caracal/Caracal caracal caracal_034_057-58319857.jpg,Caracal caracal caracal
NINCO_OOD_classes/Caracal caracal caracal/Caracal caracal caracal_009_010-20610227.jpeg,Caracal caracal caracal
NINCO_OOD_classes/Caracal caracal caracal/Caracal caracal caracal_052_084-88826921.jpg,Caracal caracal caracal
NINCO_OOD_classes/Caracal caracal caracal/Caracal caracal caracal_015_016-31408881.jpeg,Caracal caracal caracal
NINCO_OOD_classes/Caracal caracal caracal/Caracal caracal caracal_044_072-74104698.jpg,Caracal caracal caracal
NINCO_OOD_classes/Caracal caracal caracal/Caracal caracal caracal_071_111-109451869.jpeg,Caracal caracal caracal
NINCO_OOD_classes/Caracal caracal caracal/Caracal caracal caracal_073_116-112540184.jpg,Caracal caracal caracal
NINCO_OOD_classes/Caracal caracal caracal/Caracal caracal caracal_060_094-95536509.jpeg,Caracal caracal caracal
NINCO_OOD_classes/Caracal caracal caracal/Caracal caracal caracal_000_000-10896690.jpg,Caracal caracal caracal
NINCO_OOD_classes/Caracal caracal caracal/Caracal caracal caracal_032_051-56446391.jpg,Caracal caracal caracal
NINCO_OOD_classes/Caracal caracal caracal/Caracal caracal caracal_017_018-31491455.jpg,Caracal caracal caracal
NINCO_OOD_classes/Caracal caracal caracal/Caracal caracal caracal_028_045-53180231.jpg,Caracal caracal caracal
NINCO_OOD_classes/Caracal caracal caracal/Caracal caracal caracal_016_017-31447020.jpeg,Caracal caracal caracal
NINCO_OOD_classes/Caracal caracal caracal/Caracal caracal caracal_018_019-32772549.jpg,Caracal caracal caracal
NINCO_OOD_classes/Caracal caracal caracal/Caracal caracal caracal_026_042-51847410.jpeg,Caracal caracal caracal
NINCO_OOD_classes/Caracal caracal caracal/Caracal caracal caracal_098_201-172648263.jpeg,Caracal caracal caracal
NINCO_OOD_classes/Caracal caracal caracal/Caracal caracal caracal_019_021-32773899.jpeg,Caracal caracal caracal
NINCO_OOD_classes/Caracal caracal caracal/Caracal caracal caracal_023_038-43501856.jpeg,Caracal caracal caracal
NINCO_OOD_classes/Caracal caracal caracal/Caracal caracal caracal_090_176-158786900.jpg,Caracal caracal caracal
NINCO_OOD_classes/Caracal caracal caracal/Caracal caracal caracal_054_086-88891950.jpeg,Caracal caracal caracal
NINCO_OOD_classes/Caracal caracal caracal/Caracal caracal caracal_063_097-96243882.jpg,Caracal caracal caracal
NINCO_OOD_classes/Caracal caracal caracal/Caracal caracal caracal_007_008-15810324.jpg,Caracal caracal caracal
NINCO_OOD_classes/Caracal caracal caracal/Caracal caracal caracal_001_001-11713603.png,Caracal caracal caracal
NINCO_OOD_classes/Caracal caracal caracal/Caracal caracal caracal_092_178-158885890.jpg,Caracal caracal caracal
NINCO_OOD_classes/Caracal caracal caracal/Caracal caracal caracal_078_145-127704671.jpg,Caracal caracal caracal
NINCO_OOD_classes/Caracal caracal caracal/Caracal caracal caracal_042_070-73094645.jpeg,Caracal caracal caracal
NINCO_OOD_classes/Caracal caracal caracal/Caracal caracal caracal_083_158-141893555.jpeg,Caracal caracal caracal
NINCO_OOD_classes/Caracal caracal caracal/Caracal caracal caracal_024_039-44698847.jpeg,Caracal caracal caracal
NINCO_OOD_classes/Caracal caracal caracal/Caracal caracal caracal_068_104-102557151.jpeg,Caracal caracal caracal
NINCO_OOD_classes/Caracal caracal caracal/Caracal caracal caracal_091_177-158856271.jpeg,Caracal caracal caracal
NINCO_OOD_classes/Caracal caracal caracal/Caracal caracal caracal_075_128-123791291.jpeg,Caracal caracal caracal
NINCO_OOD_classes/Caracal caracal caracal/Caracal caracal caracal_067_103-98590688.jpeg,Caracal caracal caracal
NINCO_OOD_classes/Caracal caracal caracal/Caracal caracal caracal_049_080-76494119.jpeg,Caracal caracal caracal
NINCO_OOD_classes/Caracal caracal caracal/Caracal caracal caracal_005_006-15322299.jpg,Caracal caracal caracal
NINCO_OOD_classes/Caracal caracal caracal/Caracal caracal caracal_097_199-172260214.jpeg,Caracal caracal caracal
NINCO_OOD_classes/Caracal caracal caracal/Caracal caracal caracal_010_011-22350807.jpeg,Caracal caracal caracal
NINCO_OOD_classes/Caracal caracal caracal/Caracal caracal caracal_058_092-93084588.jpg,Caracal caracal caracal
NINCO_OOD_classes/Caracal caracal caracal/Caracal caracal caracal_069_107-104353505.jpeg,Caracal caracal caracal
NINCO_OOD_classes/Caracal caracal caracal/Caracal caracal caracal_012_013-27906377.jpeg,Caracal caracal caracal
NINCO_OOD_classes/Caracal caracal caracal/Caracal caracal caracal_011_012-22771509.jpeg,Caracal caracal caracal
NINCO_OOD_classes/Caracal caracal caracal/Caracal caracal caracal_088_173-157703605.jpeg,Caracal caracal caracal
NINCO_OOD_classes/Caracal caracal caracal/Caracal caracal caracal_070_110-109408301.jpeg,Caracal caracal caracal
NINCO_OOD_classes/Caracal caracal caracal/Caracal caracal caracal_080_152-139286012.jpeg,Caracal caracal caracal
NINCO_OOD_classes/Caracal caracal caracal/Caracal caracal caracal_002_003-13484458.jpeg,Caracal caracal caracal
NINCO_OOD_classes/Caracal caracal caracal/Caracal caracal caracal_061_095-95679367.jpeg,Caracal caracal caracal
NINCO_OOD_classes/Caracal caracal caracal/Caracal caracal caracal_008_009-18451632.jpg,Caracal caracal caracal
NINCO_OOD_classes/Caracal caracal caracal/Caracal caracal caracal_014_015-31347435.jpg,Caracal caracal caracal
NINCO_OOD_classes/Caracal caracal caracal/Caracal caracal caracal_037_061-65496844.png,Caracal caracal caracal
NINCO_OOD_classes/Caracal caracal caracal/Caracal caracal caracal_095_186-161553469.jpg,Caracal caracal caracal
NINCO_OOD_classes/Caracal caracal caracal/Caracal caracal caracal_064_098-97702372.jpeg,Caracal caracal caracal
NINCO_OOD_classes/Caracal caracal caracal/Caracal caracal caracal_020_023-32775416.jpeg,Caracal caracal caracal
NINCO_OOD_classes/Caracal caracal caracal/Caracal caracal caracal_006_007-19181190.jpg,Caracal caracal caracal
NINCO_OOD_classes/Caracal caracal caracal/Caracal caracal caracal_062_096-96030728.jpg,Caracal caracal caracal
NINCO_OOD_classes/Caracal caracal caracal/Caracal caracal caracal_094_184-161466965.jpg,Caracal caracal caracal
NINCO_OOD_classes/Caracal caracal caracal/Caracal caracal caracal_096_187-161553504.jpg,Caracal caracal caracal
NINCO_OOD_classes/Caracal caracal caracal/Caracal caracal caracal_027_044-51849454.jpeg,Caracal caracal caracal
NINCO_OOD_classes/Caracal caracal caracal/Caracal caracal caracal_089_175-158385310.jpeg,Caracal caracal caracal
NINCO_OOD_classes/Caracal caracal caracal/Caracal caracal caracal_031_050-56314641.jpg,Caracal caracal caracal
NINCO_OOD_classes/Caracal caracal caracal/Caracal caracal caracal_057_090-90765146.jpeg,Caracal caracal caracal
NINCO_OOD_classes/Caracal caracal caracal/Caracal caracal caracal_030_049-56034253.jpeg,Caracal caracal caracal
NINCO_OOD_classes/Caracal caracal caracal/Caracal caracal caracal_050_081-76518052.jpeg,Caracal caracal caracal
NINCO_OOD_classes/Caracal caracal caracal/Caracal caracal caracal_066_102-98259358.jpeg,Caracal caracal caracal
NINCO_OOD_classes/Caracal caracal caracal/Caracal caracal caracal_093_183-161463072.jpg,Caracal caracal caracal
NINCO_OOD_classes/Caracal caracal caracal/Caracal caracal caracal_038_062-65690803.jpg,Caracal caracal caracal
NINCO_OOD_classes/Caracal caracal caracal/Caracal caracal caracal_004_005-15119962.jpg,Caracal caracal caracal
NINCO_OOD_classes/Caracal caracal caracal/Caracal caracal caracal_039_063-66627591.jpg,Caracal caracal caracal
NINCO_OOD_classes/Caracal caracal caracal/Caracal caracal caracal_029_047-54847036.jpg,Caracal caracal caracal
NINCO_OOD_classes/Caracal caracal caracal/Caracal caracal caracal_041_069-72967247.jpg,Caracal caracal caracal
NINCO_OOD_classes/Caracal caracal caracal/Caracal caracal caracal_055_087-89715688.jpg,Caracal caracal caracal
NINCO_OOD_classes/Caracal caracal caracal/Caracal caracal caracal_043_071-74104134.jpg,Caracal caracal caracal
NINCO_OOD_classes/Caracal caracal caracal/Caracal caracal caracal_085_163-150870117.jpg,Caracal caracal caracal
NINCO_OOD_classes/Caracal caracal caracal/Caracal caracal caracal_036_059-61427348.jpeg,Caracal caracal caracal
NINCO_OOD_classes/Caracal caracal caracal/Caracal caracal caracal_025_041-51508201.jpeg,Caracal caracal caracal
NINCO_OOD_classes/Caracal caracal caracal/Caracal caracal caracal_035_058-61413575.jpg,Caracal caracal caracal
NINCO_OOD_classes/Caracal caracal caracal/Caracal caracal caracal_086_166-151166079.jpeg,Caracal caracal caracal
NINCO_OOD_classes/Caracal caracal caracal/Caracal caracal caracal_046_076-75696512.jpeg,Caracal caracal caracal
NINCO_OOD_classes/Caracal caracal caracal/Caracal caracal caracal_045_074-75696434.jpeg,Caracal caracal caracal
NINCO_OOD_classes/Caracal caracal caracal/Caracal caracal caracal_079_147-131239361.jpg,Caracal caracal caracal
NINCO_OOD_classes/Caracal caracal caracal/Caracal caracal caracal_056_089-89872904.jpg,Caracal caracal caracal
NINCO_OOD_classes/Caracal caracal caracal/Caracal caracal caracal_033_052-57385577.jpg,Caracal caracal caracal
NINCO_OOD_classes/Caracal caracal caracal/Caracal caracal caracal_065_099-97777579.jpeg,Caracal caracal caracal
NINCO_OOD_classes/araneus_gemma/araneus_gemma_028_31586895.jpg,araneus_gemma
NINCO_OOD_classes/araneus_gemma/araneus_gemma_092_51866287.jpg,araneus_gemma
NINCO_OOD_classes/araneus_gemma/araneus_gemma_002_14422041.jpg,araneus_gemma
NINCO_OOD_classes/araneus_gemma/araneus_gemma_074_37831862.jpg,araneus_gemma
NINCO_OOD_classes/araneus_gemma/araneus_gemma_089_495225.jpg,araneus_gemma
NINCO_OOD_classes/araneus_gemma/araneus_gemma_068_36274600.jpg,araneus_gemma
NINCO_OOD_classes/araneus_gemma/araneus_gemma_022_29227737.jpeg,araneus_gemma
NINCO_OOD_classes/araneus_gemma/araneus_gemma_072_37472951.jpeg,araneus_gemma
NINCO_OOD_classes/araneus_gemma/araneus_gemma_042_33352201.jpeg,araneus_gemma
NINCO_OOD_classes/araneus_gemma/araneus_gemma_026_30868184.jpg,araneus_gemma
NINCO_OOD_classes/araneus_gemma/araneus_gemma_021_29155152.jpg,araneus_gemma
NINCO_OOD_classes/araneus_gemma/araneus_gemma_013_19056085.jpg,araneus_gemma
NINCO_OOD_classes/araneus_gemma/araneus_gemma_062_35505492.jpeg,araneus_gemma
NINCO_OOD_classes/araneus_gemma/araneus_gemma_032_32035421.jpg,araneus_gemma
NINCO_OOD_classes/araneus_gemma/araneus_gemma_043_33355078.jpg,araneus_gemma
NINCO_OOD_classes/araneus_gemma/araneus_gemma_067_35767014.jpg,araneus_gemma
NINCO_OOD_classes/araneus_gemma/araneus_gemma_079_41113909.jpg,araneus_gemma
NINCO_OOD_classes/araneus_gemma/araneus_gemma_039_32619022.jpg,araneus_gemma
NINCO_OOD_classes/araneus_gemma/araneus_gemma_095_53272715.jpg,araneus_gemma
NINCO_OOD_classes/araneus_gemma/araneus_gemma_056_34892055.jpg,araneus_gemma
NINCO_OOD_classes/araneus_gemma/araneus_gemma_064_35692666.jpg,araneus_gemma
NINCO_OOD_classes/araneus_gemma/araneus_gemma_086_46884819.jpg,araneus_gemma
NINCO_OOD_classes/araneus_gemma/araneus_gemma_077_39717140.jpg,araneus_gemma
NINCO_OOD_classes/araneus_gemma/araneus_gemma_050_34307715.jpg,araneus_gemma
NINCO_OOD_classes/araneus_gemma/araneus_gemma_088_47460386.jpg,araneus_gemma
NINCO_OOD_classes/araneus_gemma/araneus_gemma_033_32130766.jpg,araneus_gemma
NINCO_OOD_classes/araneus_gemma/araneus_gemma_036_32291601.jpg,araneus_gemma
NINCO_OOD_classes/araneus_gemma/araneus_gemma_099_54529263.jpg,araneus_gemma
NINCO_OOD_classes/araneus_gemma/araneus_gemma_070_36545594.jpeg,araneus_gemma
NINCO_OOD_classes/araneus_gemma/araneus_gemma_034_32133125.jpg,araneus_gemma
NINCO_OOD_classes/araneus_gemma/araneus_gemma_054_34564234.jpg,araneus_gemma
NINCO_OOD_classes/araneus_gemma/araneus_gemma_090_51192556.jpg,araneus_gemma
NINCO_OOD_classes/araneus_gemma/araneus_gemma_035_32257398.jpg,araneus_gemma
NINCO_OOD_classes/araneus_gemma/araneus_gemma_085_4573493.jpg,araneus_gemma
NINCO_OOD_classes/araneus_gemma/araneus_gemma_063_35564499.jpg,araneus_gemma
NINCO_OOD_classes/araneus_gemma/araneus_gemma_055_34564237.jpg,araneus_gemma
NINCO_OOD_classes/araneus_gemma/araneus_gemma_007_17160592.jpeg,araneus_gemma
NINCO_OOD_classes/araneus_gemma/araneus_gemma_047_33915812.jpeg,araneus_gemma
NINCO_OOD_classes/araneus_gemma/araneus_gemma_080_4145911.jpeg,araneus_gemma
NINCO_OOD_classes/araneus_gemma/araneus_gemma_057_34940698.jpg,araneus_gemma
NINCO_OOD_classes/araneus_gemma/araneus_gemma_040_33295544.jpg,araneus_gemma
NINCO_OOD_classes/araneus_gemma/araneus_gemma_051_34433500.jpeg,araneus_gemma
NINCO_OOD_classes/araneus_gemma/araneus_gemma_020_26641097.jpeg,araneus_gemma
NINCO_OOD_classes/araneus_gemma/araneus_gemma_060_3530133.jpg,araneus_gemma
NINCO_OOD_classes/araneus_gemma/araneus_gemma_006_16908530.jpg,araneus_gemma
NINCO_OOD_classes/araneus_gemma/araneus_gemma_093_52426780.jpg,araneus_gemma
NINCO_OOD_classes/araneus_gemma/araneus_gemma_023_29892881.jpeg,araneus_gemma
NINCO_OOD_classes/araneus_gemma/araneus_gemma_091_51335806.jpg,araneus_gemma
NINCO_OOD_classes/araneus_gemma/araneus_gemma_097_54233657.jpg,araneus_gemma
NINCO_OOD_classes/araneus_gemma/araneus_gemma_071_36831117.jpg,araneus_gemma
NINCO_OOD_classes/araneus_gemma/araneus_gemma_010_18062446.jpg,araneus_gemma
NINCO_OOD_classes/araneus_gemma/araneus_gemma_017_20488745.jpeg,araneus_gemma
NINCO_OOD_classes/araneus_gemma/araneus_gemma_018_20537352.jpg,araneus_gemma
NINCO_OOD_classes/araneus_gemma/araneus_gemma_000_1045412.jpg,araneus_gemma
NINCO_OOD_classes/araneus_gemma/araneus_gemma_094_52542309.jpg,araneus_gemma
NINCO_OOD_classes/araneus_gemma/araneus_gemma_096_54016267.jpg,araneus_gemma
NINCO_OOD_classes/araneus_gemma/araneus_gemma_075_37920404.jpeg,araneus_gemma
NINCO_OOD_classes/araneus_gemma/araneus_gemma_073_37632744.jpg,araneus_gemma
NINCO_OOD_classes/araneus_gemma/araneus_gemma_019_25008470.jpeg,araneus_gemma
NINCO_OOD_classes/araneus_gemma/araneus_gemma_015_19258624.jpeg,araneus_gemma
NINCO_OOD_classes/araneus_gemma/araneus_gemma_014_19061861.jpg,araneus_gemma
NINCO_OOD_classes/araneus_gemma/araneus_gemma_024_30324259.jpg,araneus_gemma
NINCO_OOD_classes/araneus_gemma/araneus_gemma_058_35185232.jpg,araneus_gemma
NINCO_OOD_classes/araneus_gemma/araneus_gemma_066_35759241.jpeg,araneus_gemma
NINCO_OOD_classes/araneus_gemma/araneus_gemma_044_33486365.jpg,araneus_gemma
NINCO_OOD_classes/araneus_gemma/araneus_gemma_012_18467545.jpg,araneus_gemma
NINCO_OOD_classes/araneus_gemma/araneus_gemma_037_32437894.jpg,araneus_gemma
NINCO_OOD_classes/araneus_gemma/araneus_gemma_005_16596036.jpeg,araneus_gemma
NINCO_OOD_classes/araneus_gemma/araneus_gemma_053_34564233.jpg,araneus_gemma
NINCO_OOD_classes/araneus_gemma/araneus_gemma_029_31586991.jpg,araneus_gemma
NINCO_OOD_classes/araneus_gemma/araneus_gemma_087_4744496.jpg,araneus_gemma
NINCO_OOD_classes/araneus_gemma/araneus_gemma_046_33735192.jpg,araneus_gemma
NINCO_OOD_classes/araneus_gemma/araneus_gemma_059_35211733.jpg,araneus_gemma
NINCO_OOD_classes/araneus_gemma/araneus_gemma_008_1733400.JPG,araneus_gemma
NINCO_OOD_classes/araneus_gemma/araneus_gemma_076_38788591.jpg,araneus_gemma
NINCO_OOD_classes/araneus_gemma/araneus_gemma_098_54488037.jpg,araneus_gemma
NINCO_OOD_classes/araneus_gemma/araneus_gemma_030_31804501.jpeg,araneus_gemma
NINCO_OOD_classes/araneus_gemma/araneus_gemma_082_4146616.jpg,araneus_gemma
NINCO_OOD_classes/araneus_gemma/araneus_gemma_001_14178815.jpg,araneus_gemma
NINCO_OOD_classes/araneus_gemma/araneus_gemma_045_33645462.jpeg,araneus_gemma
NINCO_OOD_classes/araneus_gemma/araneus_gemma_065_35758690.jpg,araneus_gemma
NINCO_OOD_classes/araneus_gemma/araneus_gemma_052_34471874.jpg,araneus_gemma
NINCO_OOD_classes/araneus_gemma/araneus_gemma_003_15127223.jpg,araneus_gemma
NINCO_OOD_classes/araneus_gemma/araneus_gemma_048_34038536.jpg,araneus_gemma
NINCO_OOD_classes/araneus_gemma/araneus_gemma_049_34043763.jpg,araneus_gemma
NINCO_OOD_classes/araneus_gemma/araneus_gemma_081_4146615.jpg,araneus_gemma
NINCO_OOD_classes/araneus_gemma/araneus_gemma_069_3652875.JPG,araneus_gemma
NINCO_OOD_classes/araneus_gemma/araneus_gemma_041_33346489.jpg,araneus_gemma
NINCO_OOD_classes/araneus_gemma/araneus_gemma_004_15246572.jpg,araneus_gemma
NINCO_OOD_classes/araneus_gemma/araneus_gemma_084_440829.jpg,araneus_gemma
NINCO_OOD_classes/araneus_gemma/araneus_gemma_031_31866512.jpg,araneus_gemma
NINCO_OOD_classes/araneus_gemma/araneus_gemma_025_30646009.jpeg,araneus_gemma
NINCO_OOD_classes/araneus_gemma/araneus_gemma_061_35334928.jpeg,araneus_gemma
NINCO_OOD_classes/araneus_gemma/araneus_gemma_083_4151612.jpg,araneus_gemma
NINCO_OOD_classes/araneus_gemma/araneus_gemma_009_17480513.jpg,araneus_gemma
NINCO_OOD_classes/araneus_gemma/araneus_gemma_016_20408880.jpg,araneus_gemma
NINCO_OOD_classes/araneus_gemma/araneus_gemma_038_32509812.jpg,araneus_gemma
NINCO_OOD_classes/araneus_gemma/araneus_gemma_078_4093705.jpg,araneus_gemma
NINCO_OOD_classes/araneus_gemma/araneus_gemma_011_1817014.JPG,araneus_gemma
NINCO_OOD_classes/araneus_gemma/araneus_gemma_027_30879439.jpeg,araneus_gemma
NINCO_OOD_classes/ozotoceros_bezoarticus/ozotoceros_bezoarticus_011_27966778.jpg,ozotoceros_bezoarticus
NINCO_OOD_classes/french_fries/french_fries_044_2001959.jpg,french_fries
NINCO_OOD_classes/chicken_quesadilla/chicken_quesadilla_088_3175728.jpg,chicken_quesadilla
NINCO_OOD_classes/shuttlecock/shuttlecock_000_0000.png,shuttlecock
NINCO_OOD_classes/shuttlecock/shuttlecock_014_0074.png,shuttlecock
NINCO_OOD_classes/shuttlecock/shuttlecock_043_p0018.jpg,shuttlecock
NINCO_OOD_classes/shuttlecock/shuttlecock_041_p0012.jpg,shuttlecock
NINCO_OOD_classes/shuttlecock/shuttlecock_026_0230.png,shuttlecock
NINCO_OOD_classes/shuttlecock/shuttlecock_063_pe6.jpg,shuttlecock
NINCO_OOD_classes/shuttlecock/shuttlecock_023_0219.png,shuttlecock
NINCO_OOD_classes/shuttlecock/shuttlecock_003_0005.png,shuttlecock
NINCO_OOD_classes/shuttlecock/shuttlecock_033_0271.png,shuttlecock
NINCO_OOD_classes/shuttlecock/shuttlecock_055_pe10.jpg,shuttlecock
NINCO_OOD_classes/shuttlecock/shuttlecock_060_pe3.jpg,shuttlecock
NINCO_OOD_classes/shuttlecock/shuttlecock_049_p0036.jpg,shuttlecock
NINCO_OOD_classes/shuttlecock/shuttlecock_036_0376.png,shuttlecock
NINCO_OOD_classes/shuttlecock/shuttlecock_042_p0013.jpg,shuttlecock
NINCO_OOD_classes/shuttlecock/shuttlecock_058_pe13.jpg,shuttlecock
NINCO_OOD_classes/shuttlecock/shuttlecock_053_pe0.jpg,shuttlecock
NINCO_OOD_classes/shuttlecock/shuttlecock_017_0104.png,shuttlecock
NINCO_OOD_classes/shuttlecock/shuttlecock_061_pe4.jpg,shuttlecock
NINCO_OOD_classes/shuttlecock/shuttlecock_044_p0020.jpg,shuttlecock
NINCO_OOD_classes/shuttlecock/shuttlecock_052_p0043.jpg,shuttlecock
NINCO_OOD_classes/shuttlecock/shuttlecock_018_0123.png,shuttlecock
NINCO_OOD_classes/shuttlecock/shuttlecock_046_p0027.jpg,shuttlecock
NINCO_OOD_classes/shuttlecock/shuttlecock_001_0002.png,shuttlecock
NINCO_OOD_classes/shuttlecock/shuttlecock_037_0383.png,shuttlecock
NINCO_OOD_classes/shuttlecock/shuttlecock_028_0233.png,shuttlecock
NINCO_OOD_classes/shuttlecock/shuttlecock_012_0068.png,shuttlecock
NINCO_OOD_classes/shuttlecock/shuttlecock_064_pe7.jpg,shuttlecock
NINCO_OOD_classes/shuttlecock/shuttlecock_013_0073.png,shuttlecock
NINCO_OOD_classes/shuttlecock/shuttlecock_066_pe9.jpg,shuttlecock
NINCO_OOD_classes/shuttlecock/shuttlecock_029_0249.png,shuttlecock
NINCO_OOD_classes/shuttlecock/shuttlecock_011_0066.png,shuttlecock
NINCO_OOD_classes/shuttlecock/shuttlecock_065_pe8.jpg,shuttlecock
NINCO_OOD_classes/shuttlecock/shuttlecock_031_0257.png,shuttlecock
NINCO_OOD_classes/shuttlecock/shuttlecock_034_0297.png,shuttlecock
NINCO_OOD_classes/shuttlecock/shuttlecock_007_0009.png,shuttlecock
NINCO_OOD_classes/shuttlecock/shuttlecock_002_0003.png,shuttlecock
NINCO_OOD_classes/shuttlecock/shuttlecock_048_p0033.jpg,shuttlecock
NINCO_OOD_classes/shuttlecock/shuttlecock_021_0211.png,shuttlecock
NINCO_OOD_classes/shuttlecock/shuttlecock_051_p0042.jpg,shuttlecock
NINCO_OOD_classes/shuttlecock/shuttlecock_024_0224.png,shuttlecock
NINCO_OOD_classes/shuttlecock/shuttlecock_019_0131.png,shuttlecock
NINCO_OOD_classes/shuttlecock/shuttlecock_038_0393.png,shuttlecock
NINCO_OOD_classes/shuttlecock/shuttlecock_025_0228.png,shuttlecock
NINCO_OOD_classes/shuttlecock/shuttlecock_008_0024.png,shuttlecock
NINCO_OOD_classes/shuttlecock/shuttlecock_010_0056.png,shuttlecock
NINCO_OOD_classes/shuttlecock/shuttlecock_009_0025.png,shuttlecock
NINCO_OOD_classes/shuttlecock/shuttlecock_056_pe11.jpg,shuttlecock
NINCO_OOD_classes/shuttlecock/shuttlecock_027_0231.png,shuttlecock
NINCO_OOD_classes/shuttlecock/shuttlecock_040_0459.png,shuttlecock
NINCO_OOD_classes/shuttlecock/shuttlecock_062_pe5.jpg,shuttlecock
NINCO_OOD_classes/shuttlecock/shuttlecock_050_p0039.jpg,shuttlecock
NINCO_OOD_classes/shuttlecock/shuttlecock_054_pe1.jpg,shuttlecock
NINCO_OOD_classes/shuttlecock/shuttlecock_022_0212.png,shuttlecock
NINCO_OOD_classes/shuttlecock/shuttlecock_004_0006.png,shuttlecock
NINCO_OOD_classes/shuttlecock/shuttlecock_005_0007.png,shuttlecock
NINCO_OOD_classes/shuttlecock/shuttlecock_039_0426.png,shuttlecock
NINCO_OOD_classes/shuttlecock/shuttlecock_035_0300.png,shuttlecock
NINCO_OOD_classes/shuttlecock/shuttlecock_047_p0030.jpg,shuttlecock
NINCO_OOD_classes/shuttlecock/shuttlecock_016_0082.png,shuttlecock
NINCO_OOD_classes/shuttlecock/shuttlecock_020_0148.png,shuttlecock
NINCO_OOD_classes/shuttlecock/shuttlecock_057_pe12.jpg,shuttlecock
NINCO_OOD_classes/shuttlecock/shuttlecock_006_0008.png,shuttlecock
NINCO_OOD_classes/shuttlecock/shuttlecock_045_p0026.jpg,shuttlecock
NINCO_OOD_classes/shuttlecock/shuttlecock_032_0270.png,shuttlecock
NINCO_OOD_classes/shuttlecock/shuttlecock_015_0081.png,shuttlecock
NINCO_OOD_classes/shuttlecock/shuttlecock_059_pe2.jpg,shuttlecock
NINCO_OOD_classes/shuttlecock/shuttlecock_030_0251.png,shuttlecock
NINCO_OOD_classes/leptoglossus_phyllopus/leptoglossus_phyllopus_008_1216498.jpg,leptoglossus_phyllopus
NINCO_OOD_classes/lepomis_auritus/lepomis_auritus_043_116188.JPG,lepomis_auritus
NINCO_OOD_classes/lepomis_auritus/lepomis_auritus_006_10343804.jpg,lepomis_auritus
NINCO_OOD_classes/lepomis_auritus/lepomis_auritus_084_13383184.jpeg,lepomis_auritus
NINCO_OOD_classes/lepomis_auritus/lepomis_auritus_044_11635488.jpeg,lepomis_auritus
NINCO_OOD_classes/lepomis_auritus/lepomis_auritus_058_12283840.jpeg,lepomis_auritus
NINCO_OOD_classes/lepomis_auritus/lepomis_auritus_000_10033361.jpeg,lepomis_auritus
NINCO_OOD_classes/lepomis_auritus/lepomis_auritus_054_12184677.jpg,lepomis_auritus
NINCO_OOD_classes/lepomis_auritus/lepomis_auritus_065_12809165.jpg,lepomis_auritus
NINCO_OOD_classes/lepomis_auritus/lepomis_auritus_070_13100256.jpeg,lepomis_auritus
NINCO_OOD_classes/lepomis_auritus/lepomis_auritus_069_13048193.jpeg,lepomis_auritus
NINCO_OOD_classes/lepomis_auritus/lepomis_auritus_076_13118623.jpeg,lepomis_auritus
NINCO_OOD_classes/lepomis_auritus/lepomis_auritus_062_12477549.jpg,lepomis_auritus
NINCO_OOD_classes/lepomis_auritus/lepomis_auritus_020_10451249.jpeg,lepomis_auritus
NINCO_OOD_classes/lepomis_auritus/lepomis_auritus_091_13560767.jpg,lepomis_auritus
NINCO_OOD_classes/lepomis_auritus/lepomis_auritus_037_11374636.jpeg,lepomis_auritus
NINCO_OOD_classes/lepomis_auritus/lepomis_auritus_049_12184670.jpg,lepomis_auritus
NINCO_OOD_classes/lepomis_auritus/lepomis_auritus_097_13651975.jpeg,lepomis_auritus
NINCO_OOD_classes/lepomis_auritus/lepomis_auritus_016_10421355.jpeg,lepomis_auritus
NINCO_OOD_classes/lepomis_auritus/lepomis_auritus_025_11098765.jpeg,lepomis_auritus
NINCO_OOD_classes/lepomis_auritus/lepomis_auritus_061_12363951.jpg,lepomis_auritus
NINCO_OOD_classes/lepomis_auritus/lepomis_auritus_039_11440191.jpg,lepomis_auritus
NINCO_OOD_classes/lepomis_auritus/lepomis_auritus_001_10110255.jpeg,lepomis_auritus
NINCO_OOD_classes/lepomis_auritus/lepomis_auritus_063_12718479.jpeg,lepomis_auritus
NINCO_OOD_classes/lepomis_auritus/lepomis_auritus_005_10327992.jpg,lepomis_auritus
NINCO_OOD_classes/lepomis_auritus/lepomis_auritus_036_11374108.jpeg,lepomis_auritus
NINCO_OOD_classes/lepomis_auritus/lepomis_auritus_089_13560762.jpg,lepomis_auritus
NINCO_OOD_classes/lepomis_auritus/lepomis_auritus_050_12184671.jpg,lepomis_auritus
NINCO_OOD_classes/lepomis_auritus/lepomis_auritus_003_10196249.jpeg,lepomis_auritus
NINCO_OOD_classes/lepomis_auritus/lepomis_auritus_093_13560780.jpg,lepomis_auritus
NINCO_OOD_classes/lepomis_auritus/lepomis_auritus_019_10421401.jpeg,lepomis_auritus
NINCO_OOD_classes/lepomis_auritus/lepomis_auritus_007_10420958.jpeg,lepomis_auritus
NINCO_OOD_classes/lepomis_auritus/lepomis_auritus_040_11445945.jpg,lepomis_auritus
NINCO_OOD_classes/lepomis_auritus/lepomis_auritus_087_13558229.jpg,lepomis_auritus
NINCO_OOD_classes/lepomis_auritus/lepomis_auritus_033_11308403.jpeg,lepomis_auritus
NINCO_OOD_classes/lepomis_auritus/lepomis_auritus_053_12184676.jpg,lepomis_auritus
NINCO_OOD_classes/lepomis_auritus/lepomis_auritus_071_13100257.jpeg,lepomis_auritus
NINCO_OOD_classes/lepomis_auritus/lepomis_auritus_014_10421097.jpeg,lepomis_auritus
NINCO_OOD_classes/lepomis_auritus/lepomis_auritus_002_10110985.jpeg,lepomis_auritus
NINCO_OOD_classes/lepomis_auritus/lepomis_auritus_099_13651979.jpeg,lepomis_auritus
NINCO_OOD_classes/lepomis_auritus/lepomis_auritus_078_13174136.jpeg,lepomis_auritus
NINCO_OOD_classes/lepomis_auritus/lepomis_auritus_035_11371182.jpeg,lepomis_auritus
NINCO_OOD_classes/lepomis_auritus/lepomis_auritus_098_13651977.jpeg,lepomis_auritus
NINCO_OOD_classes/lepomis_auritus/lepomis_auritus_028_11292020.jpeg,lepomis_auritus
NINCO_OOD_classes/lepomis_auritus/lepomis_auritus_015_10421315.jpeg,lepomis_auritus
NINCO_OOD_classes/lepomis_auritus/lepomis_auritus_031_11292677.jpeg,lepomis_auritus
NINCO_OOD_classes/lepomis_auritus/lepomis_auritus_046_11878819.jpg,lepomis_auritus
NINCO_OOD_classes/lepomis_auritus/lepomis_auritus_042_11463260.jpg,lepomis_auritus
NINCO_OOD_classes/lepomis_auritus/lepomis_auritus_009_10420979.jpeg,lepomis_auritus
NINCO_OOD_classes/lepomis_auritus/lepomis_auritus_027_11241289.jpeg,lepomis_auritus
NINCO_OOD_classes/lepomis_auritus/lepomis_auritus_080_13249832.jpg,lepomis_auritus
NINCO_OOD_classes/lepomis_auritus/lepomis_auritus_026_11176242.jpeg,lepomis_auritus
NINCO_OOD_classes/lepomis_auritus/lepomis_auritus_013_10421073.jpeg,lepomis_auritus
NINCO_OOD_classes/lepomis_auritus/lepomis_auritus_079_13202854.jpg,lepomis_auritus
NINCO_OOD_classes/lepomis_auritus/lepomis_auritus_057_12218222.jpg,lepomis_auritus
NINCO_OOD_classes/lepomis_auritus/lepomis_auritus_082_13330937.jpg,lepomis_auritus
NINCO_OOD_classes/lepomis_auritus/lepomis_auritus_094_13560788.jpg,lepomis_auritus
NINCO_OOD_classes/lepomis_auritus/lepomis_auritus_075_13118219.jpeg,lepomis_auritus
NINCO_OOD_classes/lepomis_auritus/lepomis_auritus_086_13553182.jpg,lepomis_auritus
NINCO_OOD_classes/lepomis_auritus/lepomis_auritus_059_12342180.jpeg,lepomis_auritus
NINCO_OOD_classes/lepomis_auritus/lepomis_auritus_011_10421011.jpeg,lepomis_auritus
NINCO_OOD_classes/lepomis_auritus/lepomis_auritus_095_13651969.jpeg,lepomis_auritus
NINCO_OOD_classes/lepomis_auritus/lepomis_auritus_030_11292378.jpeg,lepomis_auritus
NINCO_OOD_classes/lepomis_auritus/lepomis_auritus_055_12203830.jpg,lepomis_auritus
NINCO_OOD_classes/lepomis_auritus/lepomis_auritus_077_13119622.jpeg,lepomis_auritus
NINCO_OOD_classes/lepomis_auritus/lepomis_auritus_051_12184672.jpg,lepomis_auritus
NINCO_OOD_classes/lepomis_auritus/lepomis_auritus_064_12718767.jpeg,lepomis_auritus
NINCO_OOD_classes/lepomis_auritus/lepomis_auritus_018_10421384.jpeg,lepomis_auritus
NINCO_OOD_classes/lepomis_auritus/lepomis_auritus_060_12342187.jpeg,lepomis_auritus
NINCO_OOD_classes/lepomis_auritus/lepomis_auritus_017_10421367.jpeg,lepomis_auritus
NINCO_OOD_classes/lepomis_auritus/lepomis_auritus_034_11348468.jpg,lepomis_auritus
NINCO_OOD_classes/lepomis_auritus/lepomis_auritus_021_10478345.jpeg,lepomis_auritus
NINCO_OOD_classes/lepomis_auritus/lepomis_auritus_081_13303148.jpg,lepomis_auritus
NINCO_OOD_classes/lepomis_auritus/lepomis_auritus_072_13100268.jpeg,lepomis_auritus
NINCO_OOD_classes/lepomis_auritus/lepomis_auritus_092_13560779.jpg,lepomis_auritus
NINCO_OOD_classes/lepomis_auritus/lepomis_auritus_096_13651974.jpeg,lepomis_auritus
NINCO_OOD_classes/lepomis_auritus/lepomis_auritus_088_13560502.jpg,lepomis_auritus
NINCO_OOD_classes/lepomis_auritus/lepomis_auritus_012_10421024.jpeg,lepomis_auritus
NINCO_OOD_classes/lepomis_auritus/lepomis_auritus_004_10312959.jpeg,lepomis_auritus
NINCO_OOD_classes/lepomis_auritus/lepomis_auritus_067_12911682.jpg,lepomis_auritus
NINCO_OOD_classes/lepomis_auritus/lepomis_auritus_008_10420964.jpeg,lepomis_auritus
NINCO_OOD_classes/lepomis_auritus/lepomis_auritus_010_10420986.jpeg,lepomis_auritus
NINCO_OOD_classes/lepomis_auritus/lepomis_auritus_038_11440182.jpg,lepomis_auritus
NINCO_OOD_classes/lepomis_auritus/lepomis_auritus_045_11799841.jpg,lepomis_auritus
NINCO_OOD_classes/lepomis_auritus/lepomis_auritus_074_13117660.jpeg,lepomis_auritus
NINCO_OOD_classes/lepomis_auritus/lepomis_auritus_032_11293175.jpeg,lepomis_auritus
NINCO_OOD_classes/lepomis_auritus/lepomis_auritus_056_12203843.jpg,lepomis_auritus
NINCO_OOD_classes/lepomis_auritus/lepomis_auritus_048_12108064.jpeg,lepomis_auritus
NINCO_OOD_classes/lepomis_auritus/lepomis_auritus_024_10911822.jpg,lepomis_auritus
NINCO_OOD_classes/lepomis_auritus/lepomis_auritus_023_10880336.jpg,lepomis_auritus
NINCO_OOD_classes/lepomis_auritus/lepomis_auritus_090_13560763.jpg,lepomis_auritus
NINCO_OOD_classes/lepomis_auritus/lepomis_auritus_073_13100276.jpeg,lepomis_auritus
NINCO_OOD_classes/lepomis_auritus/lepomis_auritus_022_10687786.jpg,lepomis_auritus
NINCO_OOD_classes/lepomis_auritus/lepomis_auritus_068_12943060.jpeg,lepomis_auritus
NINCO_OOD_classes/lepomis_auritus/lepomis_auritus_066_12907241.jpg,lepomis_auritus
NINCO_OOD_classes/lepomis_auritus/lepomis_auritus_029_11292044.jpeg,lepomis_auritus
NINCO_OOD_classes/lepomis_auritus/lepomis_auritus_041_11450820.jpg,lepomis_auritus
NINCO_OOD_classes/lepomis_auritus/lepomis_auritus_083_13330951.jpg,lepomis_auritus
NINCO_OOD_classes/lepomis_auritus/lepomis_auritus_052_12184674.jpg,lepomis_auritus
NINCO_OOD_classes/lepomis_auritus/lepomis_auritus_047_11905633.jpeg,lepomis_auritus
NINCO_OOD_classes/lepomis_auritus/lepomis_auritus_085_13551944.jpg,lepomis_auritus
NINCO_OOD_classes/fire_extinguisher/fire_extinguisher_013_00015.jpg,fire_extinguisher
NINCO_OOD_classes/fire_extinguisher/fire_extinguisher_084_00094.jpg,fire_extinguisher
NINCO_OOD_classes/fire_extinguisher/fire_extinguisher_105_00130.jpg,fire_extinguisher
NINCO_OOD_classes/fire_extinguisher/fire_extinguisher_057_00062.jpg,fire_extinguisher
NINCO_OOD_classes/fire_extinguisher/fire_extinguisher_027_00030.jpg,fire_extinguisher
NINCO_OOD_classes/fire_extinguisher/fire_extinguisher_091_00103.jpg,fire_extinguisher
NINCO_OOD_classes/fire_extinguisher/fire_extinguisher_005_00006.jpg,fire_extinguisher
NINCO_OOD_classes/fire_extinguisher/fire_extinguisher_004_00005.jpg,fire_extinguisher
NINCO_OOD_classes/fire_extinguisher/fire_extinguisher_022_00025.jpg,fire_extinguisher
NINCO_OOD_classes/fire_extinguisher/fire_extinguisher_007_00009.jpg,fire_extinguisher
NINCO_OOD_classes/fire_extinguisher/fire_extinguisher_075_00082.jpg,fire_extinguisher
NINCO_OOD_classes/fire_extinguisher/fire_extinguisher_090_00102.jpg,fire_extinguisher
NINCO_OOD_classes/fire_extinguisher/fire_extinguisher_088_00099.jpg,fire_extinguisher
NINCO_OOD_classes/fire_extinguisher/fire_extinguisher_097_00114.jpg,fire_extinguisher
NINCO_OOD_classes/fire_extinguisher/fire_extinguisher_044_00049.jpg,fire_extinguisher
NINCO_OOD_classes/fire_extinguisher/fire_extinguisher_000_00001.jpg,fire_extinguisher
NINCO_OOD_classes/fire_extinguisher/fire_extinguisher_100_00121.jpg,fire_extinguisher
NINCO_OOD_classes/fire_extinguisher/fire_extinguisher_047_00052.jpg,fire_extinguisher
NINCO_OOD_classes/fire_extinguisher/fire_extinguisher_042_00047.jpg,fire_extinguisher
NINCO_OOD_classes/fire_extinguisher/fire_extinguisher_050_00055.jpg,fire_extinguisher
NINCO_OOD_classes/fire_extinguisher/fire_extinguisher_067_00074.jpg,fire_extinguisher
NINCO_OOD_classes/fire_extinguisher/fire_extinguisher_061_00066.jpg,fire_extinguisher
NINCO_OOD_classes/fire_extinguisher/fire_extinguisher_052_00057.jpg,fire_extinguisher
NINCO_OOD_classes/fire_extinguisher/fire_extinguisher_080_00089.jpg,fire_extinguisher
NINCO_OOD_classes/fire_extinguisher/fire_extinguisher_098_00116.jpg,fire_extinguisher
NINCO_OOD_classes/fire_extinguisher/fire_extinguisher_046_00051.jpg,fire_extinguisher
NINCO_OOD_classes/fire_extinguisher/fire_extinguisher_029_00032.jpg,fire_extinguisher
NINCO_OOD_classes/fire_extinguisher/fire_extinguisher_070_00077.jpg,fire_extinguisher
NINCO_OOD_classes/fire_extinguisher/fire_extinguisher_033_00038.jpg,fire_extinguisher
NINCO_OOD_classes/fire_extinguisher/fire_extinguisher_012_00014.jpg,fire_extinguisher
NINCO_OOD_classes/fire_extinguisher/fire_extinguisher_053_00058.jpg,fire_extinguisher
NINCO_OOD_classes/fire_extinguisher/fire_extinguisher_041_00046.jpg,fire_extinguisher
NINCO_OOD_classes/fire_extinguisher/fire_extinguisher_011_00013.jpg,fire_extinguisher
NINCO_OOD_classes/fire_extinguisher/fire_extinguisher_039_00044.jpg,fire_extinguisher
NINCO_OOD_classes/fire_extinguisher/fire_extinguisher_015_00017.jpg,fire_extinguisher
NINCO_OOD_classes/fire_extinguisher/fire_extinguisher_096_00113.jpg,fire_extinguisher
NINCO_OOD_classes/fire_extinguisher/fire_extinguisher_043_00048.jpg,fire_extinguisher
NINCO_OOD_classes/fire_extinguisher/fire_extinguisher_076_00083.jpg,fire_extinguisher
NINCO_OOD_classes/fire_extinguisher/fire_extinguisher_071_00078.jpg,fire_extinguisher
NINCO_OOD_classes/fire_extinguisher/fire_extinguisher_014_00016.jpg,fire_extinguisher
NINCO_OOD_classes/fire_extinguisher/fire_extinguisher_002_00003.jpg,fire_extinguisher
NINCO_OOD_classes/fire_extinguisher/fire_extinguisher_060_00065.jpg,fire_extinguisher
NINCO_OOD_classes/fire_extinguisher/fire_extinguisher_074_00081.jpg,fire_extinguisher
NINCO_OOD_classes/fire_extinguisher/fire_extinguisher_009_00011.jpg,fire_extinguisher
NINCO_OOD_classes/fire_extinguisher/fire_extinguisher_036_00041.jpg,fire_extinguisher
NINCO_OOD_classes/fire_extinguisher/fire_extinguisher_099_00120.jpg,fire_extinguisher
NINCO_OOD_classes/fire_extinguisher/fire_extinguisher_019_00021.jpg,fire_extinguisher
NINCO_OOD_classes/fire_extinguisher/fire_extinguisher_064_00069.jpg,fire_extinguisher
NINCO_OOD_classes/fire_extinguisher/fire_extinguisher_063_00068.jpg,fire_extinguisher
NINCO_OOD_classes/fire_extinguisher/fire_extinguisher_104_00129.jpg,fire_extinguisher
NINCO_OOD_classes/fire_extinguisher/fire_extinguisher_073_00080.jpg,fire_extinguisher
NINCO_OOD_classes/fire_extinguisher/fire_extinguisher_008_00010.jpg,fire_extinguisher
NINCO_OOD_classes/fire_extinguisher/fire_extinguisher_086_00097.jpg,fire_extinguisher
NINCO_OOD_classes/fire_extinguisher/fire_extinguisher_025_00028.jpg,fire_extinguisher
NINCO_OOD_classes/fire_extinguisher/fire_extinguisher_026_00029.jpg,fire_extinguisher
NINCO_OOD_classes/fire_extinguisher/fire_extinguisher_028_00031.jpg,fire_extinguisher
NINCO_OOD_classes/fire_extinguisher/fire_extinguisher_065_00070.jpg,fire_extinguisher
NINCO_OOD_classes/fire_extinguisher/fire_extinguisher_062_00067.jpg,fire_extinguisher
NINCO_OOD_classes/fire_extinguisher/fire_extinguisher_072_00079.jpg,fire_extinguisher
NINCO_OOD_classes/fire_extinguisher/fire_extinguisher_018_00020.jpg,fire_extinguisher
NINCO_OOD_classes/fire_extinguisher/fire_extinguisher_094_00109.jpg,fire_extinguisher
NINCO_OOD_classes/fire_extinguisher/fire_extinguisher_001_00002.jpg,fire_extinguisher
NINCO_OOD_classes/fire_extinguisher/fire_extinguisher_035_00040.jpg,fire_extinguisher
NINCO_OOD_classes/fire_extinguisher/fire_extinguisher_034_00039.jpg,fire_extinguisher
NINCO_OOD_classes/fire_extinguisher/fire_extinguisher_093_00108.jpg,fire_extinguisher
NINCO_OOD_classes/fire_extinguisher/fire_extinguisher_017_00019.jpg,fire_extinguisher
NINCO_OOD_classes/fire_extinguisher/fire_extinguisher_037_00042.jpg,fire_extinguisher
NINCO_OOD_classes/fire_extinguisher/fire_extinguisher_055_00060.jpg,fire_extinguisher
NINCO_OOD_classes/fire_extinguisher/fire_extinguisher_077_00085.jpg,fire_extinguisher
NINCO_OOD_classes/fire_extinguisher/fire_extinguisher_069_00076.jpg,fire_extinguisher
NINCO_OOD_classes/fire_extinguisher/fire_extinguisher_006_00007.jpg,fire_extinguisher
NINCO_OOD_classes/fire_extinguisher/fire_extinguisher_030_00033.jpg,fire_extinguisher
NINCO_OOD_classes/fire_extinguisher/fire_extinguisher_010_00012.jpg,fire_extinguisher
NINCO_OOD_classes/fire_extinguisher/fire_extinguisher_089_00100.jpg,fire_extinguisher
NINCO_OOD_classes/fire_extinguisher/fire_extinguisher_056_00061.jpg,fire_extinguisher
NINCO_OOD_classes/fire_extinguisher/fire_extinguisher_020_00023.jpg,fire_extinguisher
NINCO_OOD_classes/fire_extinguisher/fire_extinguisher_031_00036.jpg,fire_extinguisher
NINCO_OOD_classes/fire_extinguisher/fire_extinguisher_068_00075.jpg,fire_extinguisher
NINCO_OOD_classes/fire_extinguisher/fire_extinguisher_101_00122.jpg,fire_extinguisher
NINCO_OOD_classes/fire_extinguisher/fire_extinguisher_045_00050.jpg,fire_extinguisher
NINCO_OOD_classes/fire_extinguisher/fire_extinguisher_003_00004.jpg,fire_extinguisher
NINCO_OOD_classes/fire_extinguisher/fire_extinguisher_023_00026.jpg,fire_extinguisher
NINCO_OOD_classes/fire_extinguisher/fire_extinguisher_058_00063.jpg,fire_extinguisher
NINCO_OOD_classes/fire_extinguisher/fire_extinguisher_078_00086.jpg,fire_extinguisher
NINCO_OOD_classes/fire_extinguisher/fire_extinguisher_102_00125.jpg,fire_extinguisher
NINCO_OOD_classes/fire_extinguisher/fire_extinguisher_021_00024.jpg,fire_extinguisher
NINCO_OOD_classes/fire_extinguisher/fire_extinguisher_095_00110.jpg,fire_extinguisher
NINCO_OOD_classes/fire_extinguisher/fire_extinguisher_059_00064.jpg,fire_extinguisher
NINCO_OOD_classes/fire_extinguisher/fire_extinguisher_066_00071.jpg,fire_extinguisher
NINCO_OOD_classes/fire_extinguisher/fire_extinguisher_081_00090.jpg,fire_extinguisher
NINCO_OOD_classes/fire_extinguisher/fire_extinguisher_038_00043.jpg,fire_extinguisher
NINCO_OOD_classes/fire_extinguisher/fire_extinguisher_082_00091.jpg,fire_extinguisher
NINCO_OOD_classes/fire_extinguisher/fire_extinguisher_079_00088.jpg,fire_extinguisher
NINCO_OOD_classes/fire_extinguisher/fire_extinguisher_083_00093.jpg,fire_extinguisher
NINCO_OOD_classes/fire_extinguisher/fire_extinguisher_054_00059.jpg,fire_extinguisher
NINCO_OOD_classes/fire_extinguisher/fire_extinguisher_087_00098.jpg,fire_extinguisher
NINCO_OOD_classes/fire_extinguisher/fire_extinguisher_040_00045.jpg,fire_extinguisher
NINCO_OOD_classes/fire_extinguisher/fire_extinguisher_092_00107.jpg,fire_extinguisher
NINCO_OOD_classes/fire_extinguisher/fire_extinguisher_049_00054.jpg,fire_extinguisher
NINCO_OOD_classes/fire_extinguisher/fire_extinguisher_048_00053.jpg,fire_extinguisher
NINCO_OOD_classes/fire_extinguisher/fire_extinguisher_103_00127.jpg,fire_extinguisher
NINCO_OOD_classes/fire_extinguisher/fire_extinguisher_051_00056.jpg,fire_extinguisher
NINCO_OOD_classes/fire_extinguisher/fire_extinguisher_024_00027.jpg,fire_extinguisher
NINCO_OOD_classes/fire_extinguisher/fire_extinguisher_032_00037.jpg,fire_extinguisher
NINCO_OOD_classes/fire_extinguisher/fire_extinguisher_016_00018.jpg,fire_extinguisher
NINCO_OOD_classes/fire_extinguisher/fire_extinguisher_085_00095.jpg,fire_extinguisher
NINCO_OOD_classes/donuts/donuts_016_444911.jpg,donuts
NINCO_OOD_classes/donuts/donuts_071_1503725.jpg,donuts
NINCO_OOD_classes/donuts/donuts_014_3291252.jpg,donuts
NINCO_OOD_classes/donuts/donuts_004_580038.jpg,donuts
NINCO_OOD_classes/donuts/donuts_003_1819214.jpg,donuts
NINCO_OOD_classes/donuts/donuts_078_98562.jpg,donuts
NINCO_OOD_classes/donuts/donuts_038_1116715.jpg,donuts
NINCO_OOD_classes/donuts/donuts_044_990357.jpg,donuts
NINCO_OOD_classes/donuts/donuts_047_3789141.jpg,donuts
NINCO_OOD_classes/donuts/donuts_031_842931.jpg,donuts
NINCO_OOD_classes/donuts/donuts_059_3484272.jpg,donuts
NINCO_OOD_classes/donuts/donuts_050_673609.jpg,donuts
NINCO_OOD_classes/donuts/donuts_070_162583.jpg,donuts
NINCO_OOD_classes/donuts/donuts_097_3120649.jpg,donuts
NINCO_OOD_classes/donuts/donuts_035_1008454.jpg,donuts
NINCO_OOD_classes/donuts/donuts_098_1690052.jpg,donuts
NINCO_OOD_classes/donuts/donuts_062_2397717.jpg,donuts
NINCO_OOD_classes/donuts/donuts_010_523454.jpg,donuts
NINCO_OOD_classes/donuts/donuts_039_2466115.jpg,donuts
NINCO_OOD_classes/donuts/donuts_023_439850.jpg,donuts
NINCO_OOD_classes/donuts/donuts_045_185093.jpg,donuts
NINCO_OOD_classes/donuts/donuts_075_934356.jpg,donuts
NINCO_OOD_classes/donuts/donuts_056_2715832.jpg,donuts
NINCO_OOD_classes/donuts/donuts_088_1295129.jpg,donuts
NINCO_OOD_classes/donuts/donuts_013_2446638.jpg,donuts
NINCO_OOD_classes/donuts/donuts_091_1860571.jpg,donuts
NINCO_OOD_classes/donuts/donuts_025_1471597.jpg,donuts
NINCO_OOD_classes/donuts/donuts_008_2157609.jpg,donuts
NINCO_OOD_classes/donuts/donuts_080_3567055.jpg,donuts
NINCO_OOD_classes/donuts/donuts_069_1406272.jpg,donuts
NINCO_OOD_classes/donuts/donuts_041_2443948.jpg,donuts
NINCO_OOD_classes/donuts/donuts_002_3701283.jpg,donuts
NINCO_OOD_classes/donuts/donuts_043_1131919.jpg,donuts
NINCO_OOD_classes/donuts/donuts_079_693218.jpg,donuts
NINCO_OOD_classes/donuts/donuts_094_2119360.jpg,donuts
NINCO_OOD_classes/donuts/donuts_019_232274.jpg,donuts
NINCO_OOD_classes/donuts/donuts_058_2481485.jpg,donuts
NINCO_OOD_classes/donuts/donuts_077_1900399.jpg,donuts
NINCO_OOD_classes/donuts/donuts_032_551689.jpg,donuts
NINCO_OOD_classes/donuts/donuts_034_1672393.jpg,donuts
NINCO_OOD_classes/donuts/donuts_095_424031.jpg,donuts
NINCO_OOD_classes/donuts/donuts_018_2801671.jpg,donuts
NINCO_OOD_classes/donuts/donuts_049_2385502.jpg,donuts
NINCO_OOD_classes/donuts/donuts_040_830307.jpg,donuts
NINCO_OOD_classes/donuts/donuts_051_3008535.jpg,donuts
NINCO_OOD_classes/donuts/donuts_074_1678320.jpg,donuts
NINCO_OOD_classes/donuts/donuts_055_2979231.jpg,donuts
NINCO_OOD_classes/donuts/donuts_007_3410482.jpg,donuts
NINCO_OOD_classes/donuts/donuts_068_2179784.jpg,donuts
NINCO_OOD_classes/donuts/donuts_028_2392914.jpg,donuts
NINCO_OOD_classes/donuts/donuts_057_1921585.jpg,donuts
NINCO_OOD_classes/donuts/donuts_021_790142.jpg,donuts
NINCO_OOD_classes/donuts/donuts_017_234991.jpg,donuts
NINCO_OOD_classes/donuts/donuts_072_1469810.jpg,donuts
NINCO_OOD_classes/donuts/donuts_084_1217620.jpg,donuts
NINCO_OOD_classes/donuts/donuts_029_3261062.jpg,donuts
NINCO_OOD_classes/donuts/donuts_033_392944.jpg,donuts
NINCO_OOD_classes/donuts/donuts_000_2842.jpg,donuts
NINCO_OOD_classes/donuts/donuts_052_3682546.jpg,donuts
NINCO_OOD_classes/donuts/donuts_085_358440.jpg,donuts
NINCO_OOD_classes/donuts/donuts_089_3532556.jpg,donuts
NINCO_OOD_classes/donuts/donuts_099_2249805.jpg,donuts
NINCO_OOD_classes/donuts/donuts_093_513010.jpg,donuts
NINCO_OOD_classes/donuts/donuts_020_3879821.jpg,donuts
NINCO_OOD_classes/donuts/donuts_048_1954234.jpg,donuts
NINCO_OOD_classes/donuts/donuts_011_2827347.jpg,donuts
NINCO_OOD_classes/donuts/donuts_092_3885534.jpg,donuts
NINCO_OOD_classes/donuts/donuts_036_794594.jpg,donuts
NINCO_OOD_classes/donuts/donuts_083_693160.jpg,donuts
NINCO_OOD_classes/donuts/donuts_027_2185353.jpg,donuts
NINCO_OOD_classes/donuts/donuts_005_2142617.jpg,donuts
NINCO_OOD_classes/donuts/donuts_009_2661491.jpg,donuts
NINCO_OOD_classes/donuts/donuts_064_2661488.jpg,donuts
NINCO_OOD_classes/donuts/donuts_024_1419755.jpg,donuts
NINCO_OOD_classes/donuts/donuts_065_1008483.jpg,donuts
NINCO_OOD_classes/donuts/donuts_061_824524.jpg,donuts
NINCO_OOD_classes/donuts/donuts_063_1855579.jpg,donuts
NINCO_OOD_classes/donuts/donuts_076_1170953.jpg,donuts
NINCO_OOD_classes/donuts/donuts_060_998564.jpg,donuts
NINCO_OOD_classes/donuts/donuts_015_3124075.jpg,donuts
NINCO_OOD_classes/donuts/donuts_081_798692.jpg,donuts
NINCO_OOD_classes/donuts/donuts_073_1696465.jpg,donuts
NINCO_OOD_classes/donuts/donuts_001_952086.jpg,donuts
NINCO_OOD_classes/donuts/donuts_046_750482.jpg,donuts
NINCO_OOD_classes/donuts/donuts_066_3322773.jpg,donuts
NINCO_OOD_classes/donuts/donuts_096_601093.jpg,donuts
NINCO_OOD_classes/donuts/donuts_022_53695.jpg,donuts
NINCO_OOD_classes/donuts/donuts_054_2324265.jpg,donuts
NINCO_OOD_classes/donuts/donuts_053_335130.jpg,donuts
NINCO_OOD_classes/donuts/donuts_006_284712.jpg,donuts
NINCO_OOD_classes/donuts/donuts_067_99223.jpg,donuts
NINCO_OOD_classes/donuts/donuts_086_2048548.jpg,donuts
NINCO_OOD_classes/donuts/donuts_030_837724.jpg,donuts
NINCO_OOD_classes/donuts/donuts_026_3828503.jpg,donuts
NINCO_OOD_classes/donuts/donuts_082_1156729.jpg,donuts
NINCO_OOD_classes/donuts/donuts_090_2740296.jpg,donuts
NINCO_OOD_classes/donuts/donuts_012_97163.jpg,donuts
NINCO_OOD_classes/donuts/donuts_037_100786.jpg,donuts
NINCO_OOD_classes/donuts/donuts_087_735584.jpg,donuts
NINCO_OOD_classes/donuts/donuts_042_2406601.jpg,donuts
NINCO_OOD_classes/cirsium_pitcheri/cirsium_pitcheri_096_27606389.jpg,cirsium_pitcheri
NINCO_OOD_classes/hindu_temple/hindu_temple_027_w6.jpeg,hindu_temple
NINCO_OOD_classes/sepioteuthis_australis/sepioteuthis_australis_037_28474142.jpeg,sepioteuthis_australis
NINCO_OOD_classes/batrachoseps_attenuatus/batrachoseps_attenuatus_017_1088967.jpg,batrachoseps_attenuatus
NINCO_OOD_classes/creme_brulee/creme_brulee_025_1727538.jpg,creme_brulee
NINCO_OOD_classes/cup_cakes/cup_cakes_077_372494.jpg,cup_cakes
NINCO_OOD_classes/cup_cakes/cup_cakes_056_470642.jpg,cup_cakes
NINCO_OOD_classes/cup_cakes/cup_cakes_005_1109094.jpg,cup_cakes
NINCO_OOD_classes/cup_cakes/cup_cakes_074_1979151.jpg,cup_cakes
NINCO_OOD_classes/cup_cakes/cup_cakes_068_2734832.jpg,cup_cakes
NINCO_OOD_classes/cup_cakes/cup_cakes_039_1551988.jpg,cup_cakes
NINCO_OOD_classes/cup_cakes/cup_cakes_071_1650275.jpg,cup_cakes
NINCO_OOD_classes/cup_cakes/cup_cakes_041_3070488.jpg,cup_cakes
NINCO_OOD_classes/cup_cakes/cup_cakes_064_3832250.jpg,cup_cakes
NINCO_OOD_classes/cup_cakes/cup_cakes_040_2769059.jpg,cup_cakes
NINCO_OOD_classes/cup_cakes/cup_cakes_001_985891.jpg,cup_cakes
NINCO_OOD_classes/cup_cakes/cup_cakes_026_1566398.jpg,cup_cakes
NINCO_OOD_classes/cup_cakes/cup_cakes_017_392355.jpg,cup_cakes
NINCO_OOD_classes/cup_cakes/cup_cakes_044_2085872.jpg,cup_cakes
NINCO_OOD_classes/cup_cakes/cup_cakes_072_2235007.jpg,cup_cakes
NINCO_OOD_classes/cup_cakes/cup_cakes_022_67766.jpg,cup_cakes
NINCO_OOD_classes/cup_cakes/cup_cakes_045_1753015.jpg,cup_cakes
NINCO_OOD_classes/cup_cakes/cup_cakes_027_56108.jpg,cup_cakes
NINCO_OOD_classes/cup_cakes/cup_cakes_070_258637.jpg,cup_cakes
NINCO_OOD_classes/cup_cakes/cup_cakes_016_2187203.jpg,cup_cakes
NINCO_OOD_classes/cup_cakes/cup_cakes_000_2920467.jpg,cup_cakes
NINCO_OOD_classes/cup_cakes/cup_cakes_031_505976.jpg,cup_cakes
NINCO_OOD_classes/cup_cakes/cup_cakes_015_1694617.jpg,cup_cakes
NINCO_OOD_classes/cup_cakes/cup_cakes_020_774852.jpg,cup_cakes
NINCO_OOD_classes/cup_cakes/cup_cakes_079_586891.jpg,cup_cakes
NINCO_OOD_classes/cup_cakes/cup_cakes_060_3305215.jpg,cup_cakes
NINCO_OOD_classes/cup_cakes/cup_cakes_046_354316.jpg,cup_cakes
NINCO_OOD_classes/cup_cakes/cup_cakes_075_91387.jpg,cup_cakes
NINCO_OOD_classes/cup_cakes/cup_cakes_043_1749584.jpg,cup_cakes
NINCO_OOD_classes/cup_cakes/cup_cakes_011_1030942.jpg,cup_cakes
NINCO_OOD_classes/cup_cakes/cup_cakes_014_3015956.jpg,cup_cakes
NINCO_OOD_classes/cup_cakes/cup_cakes_013_3000205.jpg,cup_cakes
NINCO_OOD_classes/cup_cakes/cup_cakes_007_2162578.jpg,cup_cakes
NINCO_OOD_classes/cup_cakes/cup_cakes_003_1028773.jpg,cup_cakes
NINCO_OOD_classes/cup_cakes/cup_cakes_057_570457.jpg,cup_cakes
NINCO_OOD_classes/cup_cakes/cup_cakes_067_316842.jpg,cup_cakes
NINCO_OOD_classes/cup_cakes/cup_cakes_030_3233658.jpg,cup_cakes
NINCO_OOD_classes/cup_cakes/cup_cakes_035_417150.jpg,cup_cakes
NINCO_OOD_classes/cup_cakes/cup_cakes_038_2582503.jpg,cup_cakes
NINCO_OOD_classes/cup_cakes/cup_cakes_052_672102.jpg,cup_cakes
NINCO_OOD_classes/cup_cakes/cup_cakes_037_2323830.jpg,cup_cakes
NINCO_OOD_classes/cup_cakes/cup_cakes_073_1666478.jpg,cup_cakes
NINCO_OOD_classes/cup_cakes/cup_cakes_009_3423071.jpg,cup_cakes
NINCO_OOD_classes/cup_cakes/cup_cakes_004_630654.jpg,cup_cakes
NINCO_OOD_classes/cup_cakes/cup_cakes_069_284741.jpg,cup_cakes
NINCO_OOD_classes/cup_cakes/cup_cakes_012_1613861.jpg,cup_cakes
NINCO_OOD_classes/cup_cakes/cup_cakes_006_541774.jpg,cup_cakes
NINCO_OOD_classes/cup_cakes/cup_cakes_023_2702073.jpg,cup_cakes
NINCO_OOD_classes/cup_cakes/cup_cakes_049_3680763.jpg,cup_cakes
NINCO_OOD_classes/cup_cakes/cup_cakes_051_1794466.jpg,cup_cakes
NINCO_OOD_classes/cup_cakes/cup_cakes_061_390833.jpg,cup_cakes
NINCO_OOD_classes/cup_cakes/cup_cakes_019_369649.jpg,cup_cakes
NINCO_OOD_classes/cup_cakes/cup_cakes_059_3204314.jpg,cup_cakes
NINCO_OOD_classes/cup_cakes/cup_cakes_021_3510683.jpg,cup_cakes
NINCO_OOD_classes/cup_cakes/cup_cakes_025_2115228.jpg,cup_cakes
NINCO_OOD_classes/cup_cakes/cup_cakes_076_951611.jpg,cup_cakes
NINCO_OOD_classes/cup_cakes/cup_cakes_008_200462.jpg,cup_cakes
NINCO_OOD_classes/cup_cakes/cup_cakes_047_566174.jpg,cup_cakes
NINCO_OOD_classes/cup_cakes/cup_cakes_032_1227638.jpg,cup_cakes
NINCO_OOD_classes/cup_cakes/cup_cakes_063_1027241.jpg,cup_cakes
NINCO_OOD_classes/cup_cakes/cup_cakes_024_3035063.jpg,cup_cakes
NINCO_OOD_classes/cup_cakes/cup_cakes_050_599209.jpg,cup_cakes
NINCO_OOD_classes/cup_cakes/cup_cakes_034_114735.jpg,cup_cakes
NINCO_OOD_classes/cup_cakes/cup_cakes_036_2646632.jpg,cup_cakes
NINCO_OOD_classes/cup_cakes/cup_cakes_066_564374.jpg,cup_cakes
NINCO_OOD_classes/cup_cakes/cup_cakes_053_383311.jpg,cup_cakes
NINCO_OOD_classes/cup_cakes/cup_cakes_078_1685154.jpg,cup_cakes
NINCO_OOD_classes/cup_cakes/cup_cakes_018_692133.jpg,cup_cakes
NINCO_OOD_classes/cup_cakes/cup_cakes_028_316584.jpg,cup_cakes
NINCO_OOD_classes/cup_cakes/cup_cakes_048_3364357.jpg,cup_cakes
NINCO_OOD_classes/cup_cakes/cup_cakes_042_1157931.jpg,cup_cakes
NINCO_OOD_classes/cup_cakes/cup_cakes_033_1864824.jpg,cup_cakes
NINCO_OOD_classes/cup_cakes/cup_cakes_010_3147268.jpg,cup_cakes
NINCO_OOD_classes/cup_cakes/cup_cakes_055_520027.jpg,cup_cakes
NINCO_OOD_classes/cup_cakes/cup_cakes_054_1873081.jpg,cup_cakes
NINCO_OOD_classes/cup_cakes/cup_cakes_058_3730968.jpg,cup_cakes
NINCO_OOD_classes/cup_cakes/cup_cakes_062_3124178.jpg,cup_cakes
NINCO_OOD_classes/cup_cakes/cup_cakes_002_1300498.jpg,cup_cakes
NINCO_OOD_classes/cup_cakes/cup_cakes_029_3310015.jpg,cup_cakes
NINCO_OOD_classes/cup_cakes/cup_cakes_065_862854.jpg,cup_cakes
